"IPrangeStart","IPrangeEnd","AccountNum"
10.13.5.138,10.13.5.138,SOLDTO_00000000
150.150.150.150,150.150.150.150,AUTH
1.2.3.4,1.2.3.4,AUTH
203.185.223.218,203.185.223.218,SOLDTO_0141838
202.173.145.118,202.173.145.118,SOLDTO_0147512
58.6.124.210,58.6.124.210,SOLDTO_0147512
203.201.139.232,203.201.139.232,SOLDTO_0147702
203.143.226.25,203.143.226.25,SOLDTO_0155747
149.135.68.4,149.135.68.4,SOLDTO_0195750
125.255.47.62,125.255.47.62,SOLDTO_0233205
58.96.31.150,58.96.31.150,SOLDTO_0252023
203.49.58.66,203.49.58.66,SOLDTO_0265512
203.49.58.70,203.49.58.70,SOLDTO_0265512
203.49.58.75,203.49.58.75,SOLDTO_0265512
203.49.58.76,203.49.58.76,SOLDTO_0265512
205.4.0.0,205.4.0.0,SOLDTO_9561541
129.128.0.0,129.128.255.255,SOLDTO_10027139
142.244.0.0,142.244.10.255,SOLDTO_10027139
142.244.12.0,142.244.251.255,SOLDTO_10027139
198.161.218.0,198.161.218.255,SOLDTO_10027139
199.185.2.0,199.185.3.255,SOLDTO_10027139
209.115.220.0,209.115.221.255,SOLDTO_10027139
161.50.48.2,161.50.48.2,SOLDTO_10098176
119.225.115.16,119.225.115.31,SOLDTO_10109237
119.225.131.218,119.225.131.218,SOLDTO_10109237
203.94.175.89,203.94.175.95,SOLDTO_10109237
12.29.109.0,12.29.109.255,SOLDTO_10111161
12.37.144.0,12.37.144.255,SOLDTO_10111161
189.86.47.81,189.86.47.94,SOLDTO_10111161
194.74.227.193,194.74.227.222,SOLDTO_10111161
201.85.19.97,201.85.19.110,SOLDTO_10111161
210.176.194.64,210.176.194.78,SOLDTO_10111161
212.98.165.50,212.98.165.50,SOLDTO_10111161
213.23.122.97,213.23.122.102,SOLDTO_10111161
63.220.1.193,63.220.1.254,SOLDTO_10111161
66.227.123.0,66.227.123.255,SOLDTO_10111161
81.150.201.225,81.150.201.238,SOLDTO_10111161
85.118.1.129,85.188.1.254,SOLDTO_10111161
103.8.235.45,103.8.235.45,SOLDTO_10114932
121.58.145.146,121.58.145.146,SOLDTO_10158952
223.197.41.169,223.197.41.169,SOLDTO_10158952
58.32.209.162,58.32.209.162,SOLDTO_10158952
173.196.200.120,173.196.200.120,SOLDTO_10158952
173.196.200.74,173.196.200.82,SOLDTO_10158952
208.255.90.192,208.255.90.222,SOLDTO_10158952
66.195.172.224,66.195.172.254,SOLDTO_10158952
192.168.1.100,192.168.1.100,SOLDTO_10175382
219.89.113.211,219.89.113.211,SOLDTO_10211194
117.55.212.98,117.55.212.98,SOLDTO_10216639
198.65.204.101,198.65.204.101,SOLDTO_10216639
204.154.92.129,204.154.92.129,SOLDTO_10216639
204.154.92.131,204.154.92.131,SOLDTO_10216639
205.177.176.210,205.177.176.210,SOLDTO_10216639
206.111.142.34,206.111.142.34,SOLDTO_10216639
208.99.186.70,208.99.186.70,SOLDTO_10216639
208.99.186.71,208.99.186.71,SOLDTO_10216639
220.241.150.138,220.241.150.138,SOLDTO_10216639
38.100.40.82,38.100.40.82,SOLDTO_10216639
38.106.173.162,38.106.173.162,SOLDTO_10216639
38.111.33.34,38.111.33.34,SOLDTO_10216639
38.97.80.100,38.97.80.100,SOLDTO_10216639
38.99.35.66,38.99.35.66,SOLDTO_10216639
63.220.0.186,63.220.0.186,SOLDTO_10216639
80.169.192.122,80.169.192.122,SOLDTO_10216639
82.195.169.162,82.195.169.162,SOLDTO_10216639
87.82.201.130,87.82.201.130,SOLDTO_10216639
2.2.2.2,2.2.2.2,SOLDTO_10236217
203.217.150.189,203.217.150.189,SOLDTO_10239760
203.217.150.68,203.217.150.68,SOLDTO_10239760
203.217.150.69,203.217.150.69,SOLDTO_10239760
203.217.161.17,203.217.161.17,SOLDTO_10239760
203.217.161.18,203.217.161.18,SOLDTO_10239760
203.217.161.30,203.217.161.30,SOLDTO_10239760
203.55.208.48,203.55.208.48,SOLDTO_10251802
203.55.211.48,203.55.211.48,SOLDTO_10251802
113.23.129.1,113.23.129.63,SOLDTO_10272662
182.173.73.130,182.173.73.190,SOLDTO_10272662
182.173.73.165,182.173.73.165,SOLDTO_10272662
210.5.53.170,210.5.53.172,SOLDTO_10294828
203.169.63.1,203.169.63.1,SOLDTO_10299101
222.68.173.161,222.68.173.161,SOLDTO_10299101
110.74.179.3,110.74.179.3,SOLDTO_10299579
119.40.112.0,119.40.112.255,SOLDTO_10299579
119.40.113.0,119.40.113.255,SOLDTO_10299579
119.40.114.0,119.40.114.255,SOLDTO_10299579
119.40.115.0,119.40.115.255,SOLDTO_10299579
119.40.116.0,119.40.116.255,SOLDTO_10299579
119.40.117.0,119.40.117.255,SOLDTO_10299579
119.40.118.0,119.40.118.255,SOLDTO_10299579
119.40.119.0,119.40.119.255,SOLDTO_10299579
119.40.120.0,119.40.120.255,SOLDTO_10299579
119.40.121.0,119.40.121.255,SOLDTO_10299579
119.40.122.0,119.40.122.255,SOLDTO_10299579
119.40.123.0,119.40.123.255,SOLDTO_10299579
119.40.124.0,119.40.124.255,SOLDTO_10299579
119.40.125.0,119.40.125.255,SOLDTO_10299579
119.40.126.0,119.40.126.255,SOLDTO_10299579
119.40.127.0,119.40.127.255,SOLDTO_10299579
172.16.14.14,172.16.14.14,SOLDTO_10299579
60.49.220.233,60.49.220.233,SOLDTO_10299579
60.49.220.234,60.49.220.234,SOLDTO_10299579
60.52.214.129,60.52.214.129,SOLDTO_10299579
60.52.214.130,60.52.214.130,SOLDTO_10299579
101.78.180.82,101.78.180.82,SOLDTO_10303338
218.189.210.228,218.189.210.228,SOLDTO_10303338
218.189.210.238,218.189.210.238,SOLDTO_10303338
218.189.210.251,218.189.210.251,SOLDTO_10303338
61.238.250.66,61.238.250.66,SOLDTO_10303338
101.78.180.212,101.78.180.212,SOLDTO_10303338
115.160.154.210,115.160.154.210,SOLDTO_10303338
218.188.1.130,218.188.1.130,SOLDTO_10303338
218.188.218.19,218.188.218.19,SOLDTO_10303338
218.188.218.36,218.188.218.36,SOLDTO_10303338
218.188.218.46,218.188.218.46,SOLDTO_10303338
218.188.218.59,218.188.218.59,SOLDTO_10303338
218.188.3.194,218.188.3.194,SOLDTO_10303338
150.101.112.17,150.101.112.17,SOLDTO_1670397
203.111.42.41,203.111.42.46,SOLDTO_1670397
210.87.21.154,210.87.21.154,SOLDTO_1670397
165.86.71.1,165.86.71.1,SOLDTO_1677336
165.86.71.20,165.86.71.20,SOLDTO_1677336
165.86.81.1,165.86.81.1,SOLDTO_1677336
165.86.81.20,165.86.81.20,SOLDTO_1677336
203.202.23.105,203.202.23.105,SOLDTO_1677336
203.202.23.117,203.202.23.117,SOLDTO_1677336
203.27.62.100,203.27.62.100,SOLDTO_1677336
203.111.170.162,203.111.170.162,SOLDTO_1681514
60.242.144.71,60.242.144.71,SOLDTO_1681514
149.135.71.180,149.135.71.180,SOLDTO_1695955
210.80.182.171,210.80.182.171,SOLDTO_9564642
139.130.73.90,139.130.73.90,SOLDTO_9573023
203.144.16.207,203.144.16.207,SOLDTO_9573023
61.9.204.182,61.9.204.182,SOLDTO_9573023
203.3.104.74,203.3.104.74,SOLDTO_9600166
206.187.33.125,206.187.33.125,SOLDTO_9600166
203.125.113.189,203.125.113.189,SOLDTO_9858130
202.12.95.1,202.12.95.15,SOLDTO_9860606
202.12.95.0,202.12.95.255,SOLDTO_9860606
61.14.146.0,61.14.146.127,SOLDTO_9860606
202.12.94.0,202.12.94.255,SOLDTO_9860606
158.132.0.0,158.132.255.255,SOLDTO_9860949
175.159.0.0,175.159.31.255,SOLDTO_9860949
202.125.192.0,202.125.215.255,SOLDTO_9860949
203.131.236.132,203.131.236.195,SOLDTO_9860987
210.176.188.65,210.176.188.126,SOLDTO_9860987
203.184.133.219,203.184.133.219,SOLDTO_9861100
210.245.218.99,210.245.218.99,SOLDTO_9861100
204.130.1.8,204.130.1.8,SOLDTO_9861182
63.218.3.50,63.218.3.50,SOLDTO_9861182
134.159.140.33,134.159.140.33,SOLDTO_9861329
161.142.24.130,161.142.24.130,SOLDTO_9873589
192.168.63.1,192.168.115.254,SOLDTO_9873589
202.184.111.66,202.184.111.94,SOLDTO_9873589
202.184.132.128,202.184.132.159,SOLDTO_9873589
202.185.20.1,202.185.20.254,SOLDTO_9873589
202.185.64.1,202.185.115.254,SOLDTO_9873589
202.185.96.100,202.185.96.100,SOLDTO_9873589
203.106.11.128,203.106.11.254,SOLDTO_9873589
218.111.109.57,218.111.109.62,SOLDTO_9873589
219.93.22.126,219.93.22.126,SOLDTO_9873589
219.94.76.137,219.94.76.142,SOLDTO_9873589
218.189.77.123,218.189.77.123,SOLDTO_9887133
192.168.100.1,192.168.100.1,SOLDTO_9893418
210.55.180.42,210.55.180.42,SOLDTO_9947597
210.55.180.44,210.55.180.44,SOLDTO_9947597
210.55.180.45,210.55.180.45,SOLDTO_9947597
210.55.180.65,210.55.180.65,SOLDTO_9947597
192.168.100.1,192.168.100.1,SOLDTO_9948087
103.240.52.0,103.240.55.255,SOLDTO_9948087
138.75.1.150,138.75.1.150,SOLDTO_9948087
138.75.10.217,138.75.10.217,SOLDTO_9948087
138.75.100.12,138.75.100.12,SOLDTO_9948087
138.75.240.1,138.75.240.254,SOLDTO_9948087
203.167.214.26,203.167.214.26,SOLDTO_9948289
122.56.122.154,122.56.122.154,SOLDTO_9949021
202.62.245.90,202.62.245.90,SOLDTO_9949021
203.97.51.130,203.97.51.130,SOLDTO_9949164
131.203.243.230,131.203.243.230,SOLDTO_9949223
210.54.242.125,210.54.242.125,SOLDTO_9949223
219.89.86.55,219.89.86.55,SOLDTO_9950235
202.36.224.5,202.36.224.5,SOLDTO_9950387
202.36.224.9,202.36.224.9,SOLDTO_9950387
116.89.224.153,116.89.224.153,SOLDTO_9950337
203.144.40.153,203.144.40.153,SOLDTO_9950337
219.88.67.22,219.88.67.22,SOLDTO_9952450
219.89.194.216,219.89.194.216,SOLDTO_9970998
125.236.204.194,125.236.204.194,SOLDTO_9980914
203.010.025.250,203.010.025.250,ACC_A0005295
203.010.025.254,203.010.025.254,ACC_A0005295
203.010.031.254,203.010.031.254,ACC_A0005295
125.255.65.70,125.255.65.70,ACC_A0010169
203.45.58.132,203.45.58.132,ACC_A0010169
202.009.024.178,202.009.024.178,ACC_A0040669
027.127.204.034,027.127.204.034,ACC_A0088466
103.235.119.122,103.235.119.122,ACC_A0088466
180.214.075.034,180.214.075.034,ACC_A0088466
203.185.224.066,203.185.224.066,ACC_A0088466
203.185.226.061,203.185.226.061,ACC_A0088466
220.233.137.206,220.233.137.206,ACC_A0095895
103.144.204.004,103.144.204.004,ACC_A0047495
103.144.204.008,103.144.204.008,ACC_A0047495
103.144.204.009,103.144.204.009,ACC_A0047495
165.021.098.226,165.021.098.226,ACC_A0047495
170.194.177.001,170.194.177.062,ACC_A0047495
170.194.185.001,170.194.185.062,ACC_A0047495
202.055.079.130,202.055.079.130,ACC_A0047495
203.125.038.022,203.125.038.022,ACC_A0047495
211.025.104.132,211.025.104.132,ACC_A0047495
211.025.104.138,211.025.104.138,ACC_A0047495
211.025.104.139,211.025.104.139,ACC_A0047495
211.025.104.196,211.025.104.196,ACC_A0047495
219.88.67.219,219.88.67.219,ACC_A0076175
101.145.240.034,101.145.240.034,ACC_A0037104
110.145.236.194,110.145.236.194,ACC_A0037104
110.145.240.034,110.145.240.034,ACC_A0037104
119.225.130.100,119.225.130.100,ACC_A0037104
202.004.079.144,202.004.079.144,ACC_A0037104
203.035.255.096,203.035.255.127,ACC_A0037104
203.054.139.146,203.054.139.146,ACC_A0037104
203.054.141.002,203.054.141.002,ACC_A0037104
203.054.141.098,203.054.141.098,ACC_A0037104
203.054.141.114,203.054.141.114,ACC_A0037104
202.177.213.197,202.177.213.197,ACC_A0122281
125.7.104.11,125.7.104.11,ACC_A0010478
203.044.017.216,203.044.017.223,ACC_A0006421
203.191.207.030,203.191.207.030,ACC_A0006421
203.213.034.054,203.213.034.054,ACC_A0006421
203.37.186.94,203.37.186.94,ACC_A0007043
203.125.113.189,203.125.113.189,ACC_A0047549
049.255.147.064,049.255.147.095,ACC_A0007254
049.255.147.192,049.255.147.223,ACC_A0007254
175.045.124.254,175.045.124.254,ACC_A0007254
203.029.105.000,203.029.105.255,ACC_A0024304
203.029.106.000,203.029.106.255,ACC_A0024304
203.029.107.000,203.029.107.255,ACC_A0024304
203.029.108.000,203.029.108.255,ACC_A0024304
203.029.109.000,203.029.109.255,ACC_A0024304
203.029.110.000,203.029.110.255,ACC_A0024304
203.029.111.000,203.029.111.255,ACC_A0024304
203.029.160.000,203.029.160.255,ACC_A0024304
203.029.161.000,203.029.161.255,ACC_A0024304
203.029.162.000,203.029.162.255,ACC_A0024304
203.029.163.000,203.029.163.255,ACC_A0024304
203.029.164.000,203.029.164.255,ACC_A0024304
203.029.165.000,203.029.165.255,ACC_A0024304
203.029.166.000,203.029.166.255,ACC_A0024304
203.029.167.000,203.029.167.255,ACC_A0024304
203.029.168.000,203.029.168.255,ACC_A0024304
203.029.169.000,203.029.169.255,ACC_A0024304
203.029.170.000,203.029.170.255,ACC_A0024304
203.029.171.000,203.029.171.255,ACC_A0024304
203.029.172.000,203.029.172.255,ACC_A0024304
203.029.173.000,203.029.173.255,ACC_A0024304
203.029.174.000,203.029.174.255,ACC_A0024304
203.029.175.000,203.029.175.255,ACC_A0024304
203.029.176.000,203.029.176.255,ACC_A0024304
203.029.177.000,203.029.177.255,ACC_A0024304
203.029.178.000,203.029.178.255,ACC_A0024304
203.029.179.000,203.029.179.255,ACC_A0024304
203.029.180.000,203.029.180.255,ACC_A0024304
203.029.181.000,203.029.181.255,ACC_A0024304
203.029.182.000,203.029.182.255,ACC_A0024304
203.029.183.000,203.029.183.255,ACC_A0024304
203.029.184.000,203.029.184.255,ACC_A0024304
203.029.185.000,203.029.185.255,ACC_A0024304
203.029.186.000,203.029.186.255,ACC_A0024304
203.029.187.000,203.029.187.255,ACC_A0024304
203.029.188.000,203.029.188.255,ACC_A0024304
203.029.189.000,203.029.189.255,ACC_A0024304
203.029.190.000,203.029.190.255,ACC_A0024304
203.029.191.000,203.029.191.255,ACC_A0024304
057.073.057.027,057.073.057.027,ACC_A0058878
061.008.202.192,061.008.202.193,ACC_A0058878
066.096.198.168,066.096.198.168,ACC_A0058878
103.224.167.175,103.224.167.175,ACC_A0058878
165.225.117.000,165.225.117.255,ACC_A0058878
165.225.234.000,165.225.234.255,ACC_A0058878
165.225.235.000,165.225.235.255,ACC_A0058878
202.156.042.144,202.156.042.145,ACC_A0058878
203.117.068.219,203.117.068.219,ACC_A0058878
203.125.028.170,203.125.028.170,ACC_A0058878
203.125.028.173,203.125.028.173,ACC_A0058878
204.050.172.132,204.050.172.132,ACC_A0058878
060.230.187.022,060.230.187.022,ACC_A0005546
117.120.016.132,117.120.016.132,ACC_A0005546
117.120.018.135,117.120.018.135,ACC_A0005546
119.225.043.050,119.225.043.050,ACC_A0005546
119.225.114.056,119.225.114.062,ACC_A0005546
120.146.198.095,120.146.198.095,ACC_A0005546
180.149.192.132,180.149.192.139,ACC_A0005546
180.149.192.144,180.149.192.144,ACC_A0005546
180.149.192.226,180.149.192.226,ACC_A0005546
206.187.033.116,206.187.033.116,ACC_A0005546
003.019.001.116,003.019.001.116,ec1fd87105d6fa2b5c37d521fdf9ad
107.077.224.210,107.077.224.210,ec1fd87105d6fa2b5c37d521fdf9ad
107.077.231.189,107.077.231.189,ec1fd87105d6fa2b5c37d521fdf9ad
173.030.058.238,173.030.058.238,ec1fd87105d6fa2b5c37d521fdf9ad
173.072.006.053,173.072.006.053,ec1fd87105d6fa2b5c37d521fdf9ad
107.152.98.144,107.152.98.144,ACC_A0887397
108.61.228.3,108.61.228.3,ACC_A0887397
162.216.46.202,162.216.46.202,ACC_A0887397
98.213.53.167,98.213.53.167,ACC_A0324122
068.224.153.236,068.224.153.236,ACC_A0324122
073.022.069.081,073.022.069.081,ACC_A0324122
098.213.053.169,098.213.053.169,ACC_A0324122
203.122.238.254,203.122.238.254,ACC_A0029613
203.96.79.3,203.96.79.3,ACC_A0081439
210.54.1.211,210.54.1.211,ACC_A0081439
210.55.237.83,210.55.237.83,ACC_A0081439
124.047.132.156,124.047.132.156,ACC_A0011901
124.047.132.180,124.047.132.180,ACC_A0011901
124.047.137.025,124.047.137.025,ACC_A0011901
124.047.159.044,124.047.159.044,ACC_A0011901
131.217.000.000,131.217.255.255,ACC_A0007826
202.006.077.000,202.006.077.255,ACC_A0007826
143.216.049.242,143.216.049.242,ACC_A0008319
143.216.104.198,143.216.104.198,ACC_A0008319
143.216.105.199,143.216.105.199,ACC_A0008319
203.001.252.020,203.001.252.020,ACC_A0008319
203.001.252.030,203.001.252.030,ACC_A0008319
203.006.146.020,203.006.146.020,ACC_A0008319
005.198.141.021,005.198.141.021,ACC_A0008346
129.127.000.000,129.127.255.255,ACC_A0008346
192.043.227.016,192.043.227.032,ACC_A0008346
192.043.228.000,192.043.228.255,ACC_A0008346
182.168.193.206,182.168.193.206,ACC_A0008425
192.168.193.206,192.168.193.206,ACC_A0008425
203.056.118.000,203.056.118.255,ACC_A0008425
203.056.182.000,203.056.182.255,ACC_A0008425
255.255.248.000,255.255.248.255,ACC_A0008425
130.102.000.000,130.102.255.255,ACC_A0008735
152.98.192.0,152.98.255.255,ACC_A0008735
020.193.041.233,020.193.041.233,ACC_A0008791
020.193.041.234,020.193.041.234,ACC_A0008791
061.069.181.202,061.069.181.202,ACC_A0008791
061.069.181.203,061.069.181.203,ACC_A0008791
061.069.181.204,061.069.181.204,ACC_A0008791
061.069.181.205,061.069.181.205,ACC_A0008791
203.220.042.066,203.220.042.066,ACC_A0008791
188.092.139.067,188.092.139.067,ACC_A0001526
203.039.157.229,203.039.157.229,ACC_A0037111
203.039.157.230,203.039.157.230,ACC_A0037111
052.064.148.161,052.064.148.161,ACC_A0009114
140.159.002.051,140.159.002.051,ACC_A0009114
140.159.000.000,140.159.255.255,ACC_A0009114
103.253.088.001,103.253.090.255,ACC_A0009460
131.170.000.000,131.170.255.255,ACC_A0009460
144.205.000.000,144.205.255.255,ACC_A0009460
188.092.136.015,188.092.136.015,ACC_A0009460
014.200.094.002,014.200.094.002,ACC_A0009514
014.201.056.194,014.201.056.194,ACC_A0009514
120.150.168.066,120.150.168.066,ACC_A0009514
125.007.057.113,125.007.057.113,ACC_A0009514
125.007.070.218,125.007.070.218,ACC_A0009514
125.007.070.219,125.007.070.219,ACC_A0009514
220.240.098.034,220.240.098.034,ACC_A0009514
013.211.017.113,013.211.017.113,ACC_A0009635
049.255.130.250,049.255.130.250,ACC_A0009635
119.017.052.178,119.017.052.178,ACC_A0009635
119.225.017.122,119.225.017.122,ACC_A0009635
124.254.106.046,124.254.106.046,ACC_A0009635
165.142.249.081,165.142.249.081,ACC_A0009635
165.225.114.188,165.225.114.188,ACC_A0009635
165.225.114.196,165.225.114.196,ACC_A0009635
165.225.114.204,165.225.114.204,ACC_A0009635
188.092.136.003,188.092.136.003,ACC_A0009635
203.012.194.243,203.012.194.243,ACC_A0009635
203.012.195.240,203.012.195.240,ACC_A0009635
203.017.236.099,203.017.236.099,ACC_A0009635
203.194.053.114,203.194.053.114,ACC_A0009635
005.198.137.037,005.198.137.037,ACC_A0009644
128.250.000.000,128.250.255.255,ACC_A0009644
130.194.000.000,130.194.255.255,ACC_A0009674
161.142.035.158,161.142.035.158,ACC_A0009674
168.210.050.000,168.210.050.255,ACC_A0009674
117.020.042.080,117.020.042.080,ACC_A0039175
141.132.000.000,141.132.255.255,ACC_A0039175
013.055.064.033,013.055.064.033,ACC_A0006218
137.154.000.000,137.154.255.255,ACC_A0006218
203.202.096.065,203.202.096.065,ACC_A0010404
203.202.096.076,203.202.096.076,ACC_A0010404
205.156.064.233,205.156.064.233,ACC_A0010404
205.156.088.233,205.156.088.233,ACC_A0010404
125.007.085.065,125.007.085.065,ACC_A0010578
148.064.002.126,148.064.002.126,ACC_A0010578
202.000.078.130,202.000.078.130,ACC_A0010596
202.000.078.211,202.000.078.211,ACC_A0010596
203.055.028.000,203.055.028.000,ACC_A0010612
203.055.029.000,203.055.029.000,ACC_A0010612
020.211.035.184,020.211.035.184,ACC_A0010655
020.248.153.148,020.248.153.151,ACC_A0010655
119.225.081.203,119.225.081.203,ACC_A0010655
119.225.081.254,119.225.081.254,ACC_A0010655
203.009.073.203,203.009.073.203,ACC_A0010655
203.009.073.254,203.009.073.254,ACC_A0010655
203.094.161.203,203.094.161.203,ACC_A0010655
203.094.161.254,203.094.161.254,ACC_A0010655
203.189.025.040,203.189.025.040,ACC_A0010655
203.189.025.041,203.189.025.041,ACC_A0010655
003.106.110.154,003.106.110.154,ACC_A0010659
013.237.145.122,013.237.145.122,ACC_A0010659
203.002.032.000,203.002.032.255,ACC_A0010659
203.002.037.000,203.002.037.255,ACC_A0010659
203.002.038.000,203.002.038.255,ACC_A0010659
042.061.097.242,042.061.097.242,ACC_A0005867
049.255.230.098,049.255.230.098,ACC_A0005867
116.212.225.018,116.212.225.018,ACC_A0005867
119.225.004.046,119.225.004.046,ACC_A0005867
119.225.005.226,119.225.005.226,ACC_A0005867
124.157.090.002,124.157.090.002,ACC_A0005867
124.157.090.006,124.157.090.006,ACC_A0005867
124.157.090.066,124.157.090.070,ACC_A0005867
124.157.090.074,124.157.090.074,ACC_A0005867
124.240.199.250,124.240.199.250,ACC_A0005867
150.207.156.002,150.207.156.002,ACC_A0005867
049.195.124.116,049.195.124.116,ACC_A0011069
129.094.000.000,129.094.255.255,ACC_A0011069
131.236.000.000,131.236.255.255,ACC_A0011069
149.171.000.000,149.171.255.255,ACC_A0011069
124.047.132.177,124.047.132.177,ACC_A0011192
124.047.132.178,124.047.132.178,ACC_A0011192
124.047.137.046,124.047.137.046,ACC_A0011192
124.047.137.047,124.047.137.047,ACC_A0011192
137.092.000.000,137.092.255.255,ACC_A0011200
115.186.240.094,115.186.240.094,ACC_A0000055
121.101.165.033,121.101.165.033,ACC_A0000055
137.219.000.000,137.219.255.255,ACC_A0013637
129.180.000.000,129.180.090.133,ACC_A0013738
129.180.090.135,129.180.255.002,ACC_A0013738
188.092.136.016,188.092.136.016,ACC_A0013738
203.037.118.096,203.037.118.111,ACC_A0068454
203.039.136.049,203.039.139.062,ACC_A0068454
005.198.141.050,005.198.141.050,ACC_A0084460
084.253.162.010,084.253.162.010,ACC_A0084460
192.148.223.000,192.148.230.255,ACC_A0084460
203.010.033.000,203.010.033.255,ACC_A0084460
203.010.040.000,203.010.047.255,ACC_A0084460
052.189.213.094,052.189.213.094,ACC_A0072885
116.066.240.000,116.066.247.255,ACC_A0072885
116.089.224.161,116.089.224.161,ACC_A0072885
203.144.040.161,203.144.040.161,ACC_A0072885
010.009.002.218,010.009.002.218,ACC_A0108426
120.017.051.105,120.017.051.105,ACC_A0108426
130.130.000.000,130.130.255.255,ACC_A0108426
192.035.248.000,192.035.248.255,ACC_A0108426
192.070.135.000,192.070.135.255,ACC_A0108426
192.131.251.000,192.131.251.255,ACC_A0108426
203.010.090.000,203.010.090.255,ACC_A0108426
203.010.091.000,203.010.091.255,ACC_A0108426
203.011.110.000,203.011.110.255,ACC_A0108426
203.011.111.000,203.011.111.255,ACC_A0108426
203.012.122.000,203.012.122.255,ACC_A0108426
203.012.128.000,203.012.128.255,ACC_A0108426
203.019.150.000,203.019.150.255,ACC_A0108426
137.166.000.000,137.166.255.255,ACC_A0010716
113.052.148.112,113.052.148.126,ACC_A0119350
210.187.061.005,210.187.061.005,ACC_A0119350
210.187.061.010,210.187.061.010,ACC_A0119350
121.192.000.000,121.192.255.255,ACC_A0186150
125.111.160.000,125.111.160.255,ACC_A0186150
125.111.161.000,125.111.161.255,ACC_A0186150
125.111.162.000,125.111.162.255,ACC_A0186150
125.111.163.000,125.111.163.255,ACC_A0186150
160.020.053.018,160.020.053.022,ACC_A0186150
210.083.069.129,210.083.069.254,ACC_A0186150
220.191.168.001,220.191.168.030,ACC_A0186150
221.012.036.033,221.012.036.046,ACC_A0186150
121.123.029.001,121.123.029.158,ACC_A0329267
219.095.089.125,219.095.089.126,ACC_A0329267
013.213.116.008,013.213.116.008,ACC_A0751513
103.031.024.001,103.031.025.254,ACC_A0751513
131.244.003.045,131.244.003.046,ACC_A0005815
131.244.244.001,131.244.244.254,ACC_A0005815
131.244.245.001,131.244.245.254,ACC_A0005815
131.242.011.160,131.242.011.191,ACC_A0007058
131.242.135.128,131.242.135.254,ACC_A0007058
164.112.080.001,164.112.080.254,ACC_A0007058
010.013.023.088,010.013.023.088,ACC_A0005295
010.070.042.200,010.070.042.200,ACC_A0005295
010.013.033.056,010.013.033.056,ACC_A0024145
101.167.224.075,101.167.224.076,ACC_A0024145
101.167.224.078,101.167.224.078,ACC_A0024145
101.167.224.099,101.167.224.100,ACC_A0024145
101.167.224.101,101.167.224.101,ACC_A0024145
152.091.009.213,152.091.009.213,ACC_A0024145
005.198.141.033,005.198.141.033,ACC_A0037975
134.007.000.000,134.007.255.255,ACC_A0037975
049.002.173.027,049.002.173.027,ACC_A0028036
059.100.171.032,059.100.171.063,ACC_A0028036
059.100.171.161,059.100.171.161,ACC_A0028036
059.100.173.000,059.100.173.063,ACC_A0028036
060.240.152.034,060.240.152.034,ACC_A0028036
061.068.008.117,061.068.008.117,ACC_A0028036
061.068.008.121,061.068.008.121,ACC_A0028036
113.028.141.209,113.028.141.209,ACC_A0028036
116.228.159.250,116.228.159.250,ACC_A0028036
124.240.195.067,124.240.195.067,ACC_A0028036
194.223.160.140,194.223.160.140,ACC_A0028036
202.073.048.080,202.073.048.095,ACC_A0028036
203.027.030.000,203.027.030.255,ACC_A0028036
203.042.021.001,203.042.021.001,ACC_A0028036
203.083.017.098,203.083.017.098,ACC_A0028036
203.083.017.186,203.083.017.186,ACC_A0028036
203.174.157.193,203.174.157.193,ACC_A0028036
203.213.110.134,203.213.110.134,ACC_A0028036
205.219.216.018,205.219.216.018,ACC_A0028036
210.177.026.219,210.177.026.219,ACC_A0028036
210.177.026.208,210.177.026.223,ACC_A0028036
213.120.212.064,213.120.212.095,ACC_A0028036
027.131.060.194,027.131.060.194,ACC_A0056907
060.053.188.225,060.053.188.225,ACC_A0056907
115.133.186.038,115.133.186.038,ACC_A0056907
121.122.052.013,121.122.052.013,ACC_A0056907
175.136.231.074,175.136.231.074,ACC_A0056907
175.143.055.118,175.143.055.118,ACC_A0056907
202.133.097.026,202.133.097.026,ACC_A0056907
202.133.097.072,202.133.097.072,ACC_A0056907
202.133.097.090,202.133.097.090,ACC_A0056907
202.133.108.026,202.133.108.026,ACC_A0056907
211.024.085.112,211.024.085.112,ACC_A0056907
211.024.092.105,211.024.092.105,ACC_A0056907
219.092.057.093,219.092.057.093,ACC_A0056907
219.093.243.244,219.093.243.244,ACC_A0056907
203.152.124.149,203.152.124.149,ACC_A0077807
103.016.172.049,103.016.172.049,ACC_A0081477
103.016.172.053,103.016.172.053,ACC_A0081477
103.242.069.051,103.242.069.051,ACC_A0081477
005.198.138.052,005.198.138.052,ACC_A0078693
130.195.000.000,130.195.255.255,ACC_A0078693
202.036.141.000,202.036.141.000,ACC_A0078693
210.007.038.178,210.007.038.178,ACC_A0078693
210.048.104.058,210.048.104.058,ACC_A0078853
121.200.236.066,121.200.236.066,ACC_A0043377
121.200.236.107,121.200.236.107,ACC_A0043377
121.200.236.108,121.200.236.108,ACC_A0043377
203.166.042.160,203.166.042.163,ACC_A0043377
203.166.043.008,203.166.043.011,ACC_A0043377
124.158.016.012,124.158.016.012,ACC_A0011015
124.158.016.014,124.158.016.014,ACC_A0011015
124.158.018.230,124.158.018.230,ACC_A0011015
202.009.018.200,202.009.018.200,ACC_A0122296
202.124.120.114,202.124.120.114,ACC_A0079559
018.138.039.219,018.138.039.219,ACC_A0994316
083.137.211.248,083.137.211.248,ACC_A0994316
129.126.249.080,129.126.249.095,ACC_A0994316
128.184.036.022,128.184.036.022,ACC_A0015301
128.184.036.190,128.184.036.190,ACC_A0015301
128.184.220.023,128.184.220.023,ACC_A0015301
128.184.220.190,128.184.220.190,ACC_A0015301
005.198.139.028,005.198.139.028,ACC_A0021160
129.096.000.000,129.096.255.255,ACC_A0021160
010.013.011.118,010.013.011.118,ACC_A0003814
010.110.097.212,010.110.097.212,ACC_A0003814
012.203.115.000,012.203.115.255,ACC_A0003814
103.078.109.244,103.078.109.244,ACC_A0003814
103.118.163.238,103.118.163.238,ACC_A0003814
134.159.131.034,134.159.131.034,ACC_A0003814
165.228.129.010,165.228.129.010,ACC_A0003814
167.219.000.000,167.219.255.255,ACC_A0003814
203.039.244.194,203.039.244.194,ACC_A0003814
203.083.016.138,203.083.016.138,ACC_A0003814
218.214.153.123,218.214.153.123,ACC_A0003814
013.055.039.028,013.055.039.028,ACC_A0048946
152.226.000.000,152.226.225.225,ACC_A0048946
152.226.000.000,152.226.255.255,ACC_A0048946
061.016.096.114,061.016.096.114,ACC_A0049444
129.126.169.189,129.126.169.189,ACC_A0049444
180.255.066.166,180.255.066.166,ACC_A0049444
203.126.079.062,203.126.079.062,ACC_A0049444
130.123.000.000,130.123.255.255,ACC_A0078674
202.020.004.209,202.020.004.209,ACC_A0080628
219.089.192.174,219.089.192.174,ACC_A0080628
222.153.203.108,222.153.203.108,ACC_A0080628
202.021.158.001,202.021.159.254,ACC_A0061908
203.127.047.048,203.127.047.059,ACC_A0061908
103.051.040.020,103.051.040.020,ACC_A0012389
103.051.040.065,103.051.040.065,ACC_A0012389
165.225.114.028,165.225.114.028,ACC_A0012389
165.225.226.042,165.225.226.042,ACC_A0012389
165.225.227.042,165.225.227.042,ACC_A0012389
202.27.78.235,202.27.78.235,ACC_A0078322
203.171.41.235,203.171.41.235,ACC_A0078322
203.171.53.10,203.171.53.10,ACC_A0078322
202.164.029.035,202.164.029.035,ACC_A0078577
058.028.132.018,058.028.132.018,ACC_A0078945
058.028.132.019,058.028.132.019,ACC_A0078945
119.224.132.145,119.224.132.145,ACC_A0078945
203.152.103.009,203.152.103.009,ACC_A0079382
122.56.123.218,122.56.123.218,ACC_A0079654
125.236.202.16,125.236.202.16,ACC_A0079654
103.013.009.105,103.013.009.105,ACC_A0043125
103.009.063.094,103.009.063.094,ACC_A0008383
202.009.024.128,202.009.024.129,ACC_A0008383
124.047.169.206,124.047.169.206,ACC_A0009827
013.236.111.141,013.236.111.141,ACC_A0017815
049.255.105.101,049.255.105.101,ACC_A0017815
054.252.208.218,054.252.208.218,ACC_A0017815
210.193.238.026,210.193.238.026,ACC_A0017815
220.233.130.194,220.233.130.194,ACC_A0023934
122.106.020.243,122.106.020.243,ACC_A0078009
202.124.097.087,202.124.097.087,ACC_A0078009
131.203.245.178,131.203.245.178,ACC_A0078082
202.126.197.224,202.126.197.224,ACC_A0078601
219.89.112.214,219.89.112.214,ACC_A0079868
203.097.207.076,203.097.207.076,ACC_A0071874
219.089.195.088,219.089.195.088,ACC_A0075835
167.030.048.006,167.030.048.006,ACC_A0007914
167.030.222.053,167.030.222.060,ACC_A0007914
167.030.222.180,167.030.222.180,ACC_A0007914
203.017.117.202,203.017.117.202,ACC_A0007914
003.104.043.049,003.104.043.049,ACC_A0047447
137.132.123.068,137.132.123.078,ACC_A0047447
137.132.123.132,137.132.123.134,ACC_A0047447
013.236.110.174,013.236.110.174,ACC_A0010637
052.065.160.243,052.065.160.243,ACC_A0010637
103.5.214.0,103.5.214.24,ACC_A0010637
103.5.214.30,103.5.214.32,ACC_A0010637
202.59.242.0,202.59.242.24,ACC_A0010637
202.59.242.30,202.59.242.32,ACC_A0010637
202.59.243.0,202.59.243.24,ACC_A0010637
202.59.243.30,202.59.243.32,ACC_A0010637
49.255.128.126,49.255.128.126,ACC_A0010637
49.255.138.6,49.255.138.6,ACC_A0010637
49.255.15.134,49.255.15.134,ACC_A0010637
49.255.176.102,49.255.176.102,ACC_A0010637
49.255.95.194,49.255.95.194,ACC_A0010637
203.020.078.001,203.020.078.255,ACC_A0004697
203.020.079.001,203.020.079.255,ACC_A0004697
203.153.243.202,203.153.243.202,ACC_A0004697
203.192.070.193,203.192.070.254,ACC_A0004697
131.203.070.046,131.203.070.046,ACC_A0077811
202.056.051.124,202.056.051.124,ACC_A0077811
203.097.201.254,203.097.201.254,ACC_A0077811
049.255.147.240,049.255.147.246,ACC_A0034970
058.162.183.108,058.162.183.108,ACC_A0034970
202.158.241.001,202.158.241.254,ACC_A0034970
103.014.069.108,103.014.069.108,ACC_A0119418
103.014.069.228,103.014.069.228,ACC_A0119418
103.014.071.024,103.014.071.024,ACC_A0119418
103.023.019.075,103.023.019.075,ACC_A0119418
103.023.212.230,103.023.212.230,ACC_A0119418
103.208.141.071,103.208.141.071,ACC_A0119418
103.208.141.076,103.208.141.076,ACC_A0119418
103.208.141.080,103.208.141.080,ACC_A0119418
103.208.141.083,103.208.141.083,ACC_A0119418
103.208.141.086,103.208.141.086,ACC_A0119418
103.208.141.087,103.208.141.087,ACC_A0119418
103.208.141.111,103.208.141.111,ACC_A0119418
103.208.141.141,103.208.141.141,ACC_A0119418
103.208.141.178,103.208.141.178,ACC_A0119418
103.208.141.182,103.208.141.182,ACC_A0119418
103.208.141.183,103.208.141.183,ACC_A0119418
110.173.160.014,110.173.160.014,ACC_A0119418
114.023.206.248,114.023.206.248,ACC_A0119418
122.056.200.115,122.056.200.115,ACC_A0119418
122.058.145.085,122.058.145.085,ACC_A0119418
125.236.194.092,125.236.194.092,ACC_A0119418
125.236.201.214,125.236.201.214,ACC_A0119418
125.236.205.079,125.236.205.085,ACC_A0119418
125.236.205.087,125.236.205.087,ACC_A0119418
125.236.206.071,125.236.206.071,ACC_A0119418
125.236.219.002,125.236.219.002,ACC_A0119418
125.236.222.079,125.236.222.079,ACC_A0119418
125.236.230.243,125.236.230.243,ACC_A0119418
131.203.100.062,131.203.100.062,ACC_A0119418
131.203.116.018,131.203.116.018,ACC_A0119418
163.047.109.153,163.047.109.153,ACC_A0119418
163.047.109.233,163.047.109.233,ACC_A0119418
163.047.109.250,163.047.109.250,ACC_A0119418
163.047.109.251,163.047.109.251,ACC_A0119418
180.235.104.080,180.235.104.087,ACC_A0119418
180.235.105.034,180.235.105.034,ACC_A0119418
180.235.105.035,180.235.105.035,ACC_A0119418
202.154.159.059,202.154.159.059,ACC_A0119418
202.154.159.062,202.154.159.062,ACC_A0119418
203.028.247.092,203.028.247.093,ACC_A0119418
203.028.247.095,203.028.247.095,ACC_A0119418
203.028.247.097,203.028.247.097,ACC_A0119418
203.028.247.099,203.028.247.099,ACC_A0119418
203.028.247.101,203.028.247.101,ACC_A0119418
203.028.247.103,203.028.247.103,ACC_A0119418
203.028.247.107,203.028.247.107,ACC_A0119418
210.054.120.044,210.054.120.044,ACC_A0119418
210.086.000.119,210.086.000.119,ACC_A0119418
210.086.000.136,210.086.000.136,ACC_A0119418
210.086.000.234,210.086.000.234,ACC_A0119418
210.086.002.222,210.086.002.222,ACC_A0119418
210.086.026.195,210.086.026.195,ACC_A0119418
210.086.028.068,210.086.028.068,ACC_A0119418
219.088.065.005,219.088.065.005,ACC_A0119418
219.088.067.158,219.088.067.158,ACC_A0119418
219.088.072.204,219.088.072.204,ACC_A0119418
219.089.113.015,219.089.113.016,ACC_A0119418
219.089.198.234,219.089.198.234,ACC_A0119418
219.089.199.018,219.089.199.018,ACC_A0119418
219.089.204.162,219.089.204.162,ACC_A0119418
222.153.200.016,222.153.200.030,ACC_A0119418
222.153.200.032,222.153.200.047,ACC_A0119418
222.154.234.072,222.154.234.072,ACC_A0119418
222.154.254.172,222.154.254.172,ACC_A0119418
223.026.026.206,223.026.026.206,ACC_A0119418
223.026.026.207,223.026.026.207,ACC_A0119418
223.026.026.208,223.026.026.208,ACC_A0119418
223.026.026.209,223.026.026.209,ACC_A0119418
223.026.026.210,223.026.026.210,ACC_A0119418
223.026.026.212,223.026.026.212,ACC_A0119418
223.026.026.213,223.026.026.213,ACC_A0119418
223.026.026.214,223.026.026.214,ACC_A0119418
223.026.026.217,223.026.026.217,ACC_A0119418
223.026.026.221,223.026.026.221,ACC_A0119418
223.026.026.223,223.026.026.223,ACC_A0119418
223.026.026.224,223.026.026.224,ACC_A0119418
223.026.026.225,223.026.026.225,ACC_A0119418
223.026.026.226,223.026.026.226,ACC_A0119418
223.026.026.227,223.026.026.227,ACC_A0119418
223.026.026.228,223.026.026.228,ACC_A0119418
223.026.026.229,223.026.026.229,ACC_A0119418
223.026.026.230,223.026.026.230,ACC_A0119418
223.026.026.231,223.026.026.231,ACC_A0119418
223.026.026.232,223.026.026.232,ACC_A0119418
223.026.026.234,223.026.026.234,ACC_A0119418
223.026.026.237,223.026.026.237,ACC_A0119418
223.026.026.238,223.026.026.238,ACC_A0119418
223.026.026.239,223.026.026.239,ACC_A0119418
223.026.026.240,223.026.026.240,ACC_A0119418
223.026.026.241,223.026.026.241,ACC_A0119418
223.026.026.242,223.026.026.242,ACC_A0119418
223.026.026.243,223.026.026.243,ACC_A0119418
223.026.026.244,223.026.026.244,ACC_A0119418
223.026.026.248,223.026.026.252,ACC_A0119418
223.026.026.254,223.026.026.254,ACC_A0119418
010.013.011.027,010.013.011.027,ACC_A0031818
014.203.029.042,014.203.029.042,ACC_A0031818
058.162.248.044,058.162.248.044,ACC_A0031818
059.154.026.032,059.154.026.039,ACC_A0031818
060.242.004.066,060.242.004.066,ACC_A0031818
115.064.167.114,115.064.167.114,ACC_A0031818
124.047.168.139,124.047.168.139,ACC_A0031818
139.130.002.238,139.130.002.238,ACC_A0031818
139.130.072.110,139.130.072.110,ACC_A0031818
139.130.211.099,139.130.211.099,ACC_A0031818
150.101.074.212,150.101.074.212,ACC_A0031818
150.101.081.110,150.101.081.110,ACC_A0031818
151.010.016.240,151.010.016.247,ACC_A0031818
162.216.046.002,162.216.046.002,ACC_A0031818
165.228.231.213,165.228.231.213,ACC_A0031818
165.228.233.112,165.228.233.112,ACC_A0031818
175.045.106.034,175.045.106.034,ACC_A0031818
175.045.106.066,175.045.106.066,ACC_A0031818
185.221.068.011,185.221.068.011,ACC_A0031818
203.044.238.146,203.044.238.146,ACC_A0031818
203.045.104.185,203.045.104.185,ACC_A0031818
203.122.239.033,203.122.239.033,ACC_A0031818
203.161.130.034,203.161.130.034,ACC_A0031818
203.161.133.100,203.161.133.100,ACC_A0031818
203.161.133.111,203.161.133.111,ACC_A0031818
203.191.201.146,203.191.201.146,ACC_A0031818
203.192.084.210,203.192.084.210,ACC_A0031818
203.192.089.114,203.192.089.114,ACC_A0031818
203.202.130.200,203.202.130.207,ACC_A0031818
203.220.100.210,203.220.100.210,ACC_A0031818
220.101.084.234,220.101.084.234,ACC_A0031818
116.199.208.26,116.199.208.26,ACC_A0077693
122.56.120.102,122.56.120.102,ACC_A0077693
122.56.7.19,122.56.7.19,ACC_A0077693
125.236.236.209,125.236.236.209,ACC_A0077693
202.175.131.136,202.175.131.143,ACC_A0077693
202.175.135.49,202.175.135.49,ACC_A0077693
202.21.137.45,202.21.137.45,ACC_A0077693
202.68.80.34,202.68.80.34,ACC_A0077693
210.54.120.172,210.54.120.172,ACC_A0077693
210.55.98.182,210.55.98.182,ACC_A0077693
014.203.097.016,014.203.097.030,ACC_A0002808
103.017.235.071,103.017.235.071,ACC_A0002808
203.041.246.006,203.041.246.006,ACC_A0002808
203.045.089.053,203.045.089.053,ACC_A0002808
203.134.124.018,203.134.124.018,ACC_A0002808
210.010.211.078,210.010.211.078,ACC_A0002808
098.206.136.056,098.206.136.056,d6b43b1736aefbd78d09ffec722017
098.226.242.206,098.226.242.206,d6b43b1736aefbd78d09ffec722017
174.221.017.199,174.221.017.199,d6b43b1736aefbd78d09ffec722017
178.162.193.233,178.162.193.233,d6b43b1736aefbd78d09ffec722017
018.209.075.041,018.209.075.041,MONITORING
052.001.140.000,052.001.140.255,MONITORING
202.189.65.38,202.189.65.38,ACC_A0036902
203.37.164.96,203.37.164.96,ACC_A0036902
118.151.222.226,118.151.222.226,ACC_A0008516
138.077.000.000,138.077.255.255,ACC_A0008516
188.092.136.012,188.092.136.012,ACC_A0008516
203.015.122.000,203.015.122.255,ACC_A0008516
203.027.221.000,203.027.221.255,ACC_A0008516
005.198.141.026,005.198.141.026,ACC_A0012228
013.077.056.192,013.077.056.192,ACC_A0012228
020.040.185.068,020.040.185.068,ACC_A0012228
020.040.185.163,020.040.185.163,ACC_A0012228
134.115.002.112,134.115.002.127,ACC_A0012228
134.115.004.000,134.115.255.255,ACC_A0012228
139.230.000.000,139.230.255.255,ACC_A0015763
013.236.127.243,013.236.127.243,ACC_A0008728
132.234.000.000,132.234.255.255,ACC_A0008728
054.066.221.067,054.066.221.067,ACC_A0127696
103.120.077.001,103.120.077.254,ACC_A0127696
163.007.134.240,163.007.134.243,ACC_A0127696
163.007.134.244,163.007.134.247,ACC_A0127696
138.80.75.0,138.80.151.255,ACC_A0015826
138.80.168.0,138.80.171.255,ACC_A0015826
138.80.176.0,138.80.217.255,ACC_A0015826
138.80.220.0,138.80.255.255,ACC_A0015826
138.80.12.0,138.80.71.255,ACC_A0015826
138.80.0.0,138.80.9.255,ACC_A0015826
5.198.137.36,5.198.137.36,ACC_A0015826
025.025.025.025,025.025.025.025,41c9652f0c11850f1eb976104e3bc0
103.023.017.044,103.023.017.044,ACC_A0083779
131.203.063.190,131.203.063.190,ACC_A0083779
203.167.190.054,203.167.190.054,ACC_A0083779
203.167.190.158,203.167.190.158,ACC_A0083779
203.167.191.180,203.167.191.180,ACC_A0083779
203.167.251.018,203.167.251.018,ACC_A0083779
210.054.242.143,210.054.242.143,ACC_A0083779
219.089.127.201,219.089.127.201,ACC_A0083779
203.037.212.089,203.037.212.089,ACC_A0009410
203.041.179.160,203.041.179.175,ACC_A0009410
203.161.134.117,203.161.134.117,ACC_A0009410
205.149.026.000,205.149.026.024,ACC_A0009410
005.198.141.020,005.198.141.020,ACC_A0008701
131.181.000.000,131.181.255.255,ACC_A0008701
098.206.136.059,098.206.136.059,ACC_A0938838
101.112.077.116,101.112.077.116,ACC_A0938838
139.080.000.000,139.080.127.255,ACC_A0078685
139.080.135.089,139.080.135.089,ACC_A0078685
139.080.135.244,139.080.135.244,ACC_A0078685
139.080.216.000,139.080.216.255,ACC_A0078685
139.080.239.008,139.080.239.011,ACC_A0078685
139.080.239.032,139.080.239.033,ACC_A0078685
139.080.239.064,139.080.239.065,ACC_A0078685
139.080.239.070,139.080.239.072,ACC_A0078685
139.080.239.096,139.080.239.097,ACC_A0078685
139.080.239.102,139.080.239.102,ACC_A0078685
139.080.239.104,139.080.239.104,ACC_A0078685
139.080.239.128,139.080.239.135,ACC_A0078685
139.080.239.160,139.080.239.167,ACC_A0078685
137.111.000.000,137.111.255.255,ACC_A0011072
123.255.072.000,123.255.087.255,ACC_A0049838
137.189.000.000,137.189.255.255,ACC_A0049838
202.045.186.000,202.045.187.255,ACC_A0049838
202.045.188.033,202.045.188.034,ACC_A0049838
203.188.064.000,203.188.079.255,ACC_A0049838
045.118.188.070,045.118.188.070,ACC_A0073144
219.088.072.024,219.088.072.024,ACC_A0073144
060.234.063.014,060.234.063.014,ACC_A0072395
005.198.141.012,005.198.141.012,ACC_A0043121
132.181.000.000,132.181.255.255,ACC_A0043121
049.255.024.211,049.255.024.211,ACC_A0001973
180.148.095.046,180.148.095.046,ACC_A0001973
13.211.118.210,13.211.118.210,ACC_A0040658
134.148.000.000,134.148.255.255,ACC_A0040658
3.104.43.101,3.104.43.101,ACC_A0040658
52.64.78.187,52.64.78.187,ACC_A0040658
192.157.026.161,192.157.026.161,ACC_A0040612
049.255.135.042,049.255.135.042,ACC_A0693717
049.255.218.138,049.255.218.138,ACC_A0693717
049.255.245.114,049.255.245.114,ACC_A0693717
058.163.090.034,058.163.090.034,ACC_A0693717
059.154.056.018,059.154.056.018,ACC_A0693717
103.081.216.023,103.081.216.023,ACC_A0693717
119.225.023.010,119.225.023.010,ACC_A0693717
139.130.115.014,139.130.115.014,ACC_A0693717
203.038.220.066,203.038.220.066,ACC_A0693717
116.199.208.012,116.199.208.012,ACC_A0079625
116.199.213.060,116.199.213.062,ACC_A0079625
122.056.041.098,122.056.041.098,ACC_A0079625
122.056.125.154,122.056.125.154,ACC_A0079625
202.020.000.013,202.020.000.013,ACC_A0079625
202.027.218.036,202.027.218.036,ACC_A0079625
202.068.091.130,202.068.091.130,ACC_A0079625
202.124.096.003,202.124.096.003,ACC_A0079625
203.079.066.134,203.079.066.134,ACC_A0079625
203.097.200.223,203.097.200.223,ACC_A0079625
203.167.240.110,203.167.240.110,ACC_A0079625
210.054.090.008,210.054.090.008,ACC_A0079625
210.086.029.180,210.086.029.180,ACC_A0079625
124.157.101.242,124.157.101.242,ACC_A0078781
124.157.117.002,124.157.117.002,ACC_A0078781
203.097.080.230,203.097.080.230,ACC_A0078781
203.098.014.086,203.098.014.086,ACC_A0078781
203.097.014.001,203.097.014.014,ACC_A0077138
202.55.97.32,202.55.97.32,ACC_A0079553
202.55.97.42,202.55.97.42,ACC_A0079553
202.55.99.14,202.55.99.14,ACC_A0079553
210.55.144.0,210.55.144.31,ACC_A0079553
131.055.017.170,131.055.017.170,ACC_A0077236
210.055.017.170,210.055.017.170,ACC_A0077236
210.055.017.188,210.055.017.188,ACC_A0077236
219.88.71.167,219.88.71.167,ACC_A0043128
147.008.000.001,147.008.222.255,ACC_A0049840
147.008.224.001,147.008.246.255,ACC_A0049840
147.008.248.001,147.008.251.255,ACC_A0049840
175.159.158.001,175.159.159.025,ACC_A0049840
175.159.160.001,175.159.191.025,ACC_A0049840
202.189.096.001,202.189.127.255,ACC_A0049840
114.73.170.222,114.73.170.222,ACC_A0077039
156.62.0.0,156.62.255.255,ACC_A0077039
124.198.141.063,124.198.141.063,ACC_A0072169
130.216.000.000,130.216.255.255,ACC_A0072169
010.185.025.024,010.185.025.024,ACC_A0116179
010.194.110.118,010.194.110.118,ACC_A0116179
010.194.235.143,010.194.235.143,ACC_A0116179
061.008.245.097,061.008.245.126,ACC_A0116179
103.092.018.008,103.092.018.008,ACC_A0116179
113.020.089.200,113.020.089.200,ACC_A0116179
121.123.142.069,121.123.142.070,ACC_A0116179
169.254.038.218,169.254.038.218,ACC_A0116179
169.254.145.116,169.254.145.118,ACC_A0116179
169.254.147.016,169.254.147.016,ACC_A0116179
169.254.147.030,169.254.147.030,ACC_A0116179
192.168.000.014,192.168.000.014,ACC_A0116179
192.168.000.114,192.168.000.114,ACC_A0116179
192.168.000.130,192.168.000.130,ACC_A0116179
192.168.000.164,192.168.000.164,ACC_A0116179
199.049.003.000,199.049.003.254,ACC_A0116179
199.049.014.000,199.049.014.254,ACC_A0116179
199.049.015.000,199.049.015.254,ACC_A0116179
199.049.054.000,199.049.054.024,ACC_A0116179
199.049.055.001,199.049.055.254,ACC_A0116179
199.051.140.027,199.051.140.027,ACC_A0116179
199.052.012.000,199.052.012.254,ACC_A0116179
199.052.140.183,199.052.140.183,ACC_A0116179
202.075.146.034,202.075.146.034,ACC_A0116179
202.165.033.177,202.165.033.190,ACC_A0116179
202.179.105.034,202.179.105.034,ACC_A0116179
203.078.016.042,203.078.016.042,ACC_A0116179
203.078.016.043,203.078.016.043,ACC_A0116179
210.054.005.129,210.054.005.134,ACC_A0116179
211.024.135.082,211.024.135.082,ACC_A0116179
219.092.061.229,219.092.061.230,ACC_A0116179
130.217.000.000,130.217.255.255,ACC_A0043122
203.098.007.146,203.098.007.146,ACC_A0077690
203.167.249.226,203.167.249.226,ACC_A0077690
210.055.022.162,210.055.022.162,ACC_A0077690
175.159.216.000,175.159.223.255,ACC_A0052209
202.040.157.000,202.040.157.255,ACC_A0052209
202.125.234.000,202.125.234.255,ACC_A0052209
165.012.252.100,165.012.252.116,ACC_A0014686
202.068.081.030,202.068.081.030,ACC_A0111829
060.234.074.107,060.234.074.107,ACC_A0077131
098.206.136.057,098.206.136.057,d4ffe7478f680ee81465392a9486a4
142.004.206.228,142.004.206.228,d4ffe7478f680ee81465392a9486a4
192.195.049.031,192.195.049.031,ACC_A0011219
192.195.049.131,192.195.049.131,ACC_A0011219
192.195.049.239,192.195.049.241,ACC_A0011219
003.024.236.053,003.024.236.053,ACC_A0037180
013.237.049.161,013.237.049.161,ACC_A0037180
049.255.164.113,049.255.164.118,ACC_A0037180
049.255.185.233,049.255.185.238,ACC_A0037180
049.255.190.105,049.255.190.110,ACC_A0037180
049.255.223.001,049.255.223.062,ACC_A0037180
049.255.248.217,049.255.248.222,ACC_A0037180
049.255.252.129,049.255.252.190,ACC_A0037180
008.029.109.150,008.029.109.150,ACC_A0009207
008.029.228.134,008.029.228.134,ACC_A0009207
014.201.234.078,014.201.234.078,ACC_A0009207
027.033.104.094,027.033.104.094,ACC_A0009207
049.201.234.078,049.201.234.078,ACC_A0009207
049.255.012.042,049.255.012.042,ACC_A0009207
049.255.115.250,049.255.115.250,ACC_A0009207
049.255.199.231,049.255.199.231,ACC_A0009207
049.255.202.221,049.255.202.221,ACC_A0009207
049.255.202.223,049.255.202.223,ACC_A0009207
115.064.209.062,115.064.209.062,ACC_A0009207
121.101.165.097,121.101.165.097,ACC_A0009207
124.254.092.090,124.254.092.090,ACC_A0009207
175.045.070.238,175.045.070.238,ACC_A0009207
193.114.100.146,193.114.100.146,ACC_A0009207
202.137.097.002,202.137.097.002,ACC_A0009207
202.137.101.186,202.137.101.186,ACC_A0009207
202.137.101.190,202.137.101.190,ACC_A0009207
202.146.015.081,202.146.015.081,ACC_A0009207
203.094.135.178,203.094.135.178,ACC_A0009207
203.174.166.017,203.174.166.022,ACC_A0009207
203.174.167.033,203.174.167.046,ACC_A0009207
203.174.173.218,203.174.173.218,ACC_A0009207
203.174.177.021,203.174.177.022,ACC_A0009207
203.174.178.189,203.174.178.189,ACC_A0009207
203.174.180.114,203.174.180.114,ACC_A0009207
203.219.210.146,203.219.210.146,ACC_A0009207
218.185.086.066,218.185.086.066,ACC_A0009207
139.086.000.000,139.086.255.255,ACC_A0012725
131.172.000.000,131.172.255.255,ACC_A0009637
149.144.000.000,149.144.255.255,ACC_A0009637
052.064.231.247,052.064.231.247,ACC_A0011224
124.047.132.141,124.047.132.141,ACC_A0011224
124.047.132.207,124.047.132.207,ACC_A0011224
124.047.137.013,124.047.137.013,ACC_A0011224
124.047.137.075,124.047.137.075,ACC_A0011224
124.047.159.004,124.047.159.004,ACC_A0011224
164.075.004.001,164.075.007.254,ACC_A0011224
202.014.081.001,202.014.081.254,ACC_A0011224
103.022.187.202,103.022.187.202,ACC_A0000488
103.022.187.225,103.022.187.254,ACC_A0000488
121.200.236.178,121.200.236.178,ACC_A0000488
124.047.178.112,124.047.178.127,ACC_A0000488
165.225.098.000,165.225.098.255,ACC_A0000488
165.225.114.000,165.225.114.000,ACC_A0000488
165.225.226.000,165.225.226.000,ACC_A0000488
175.045.116.000,175.045.116.255,ACC_A0000488
203.037.026.096,203.037.026.099,ACC_A0000488
203.037.027.240,203.037.027.255,ACC_A0000488
203.094.145.066,203.094.145.066,ACC_A0000488
203.176.098.050,203.176.098.050,ACC_A0000488
203.217.061.106,203.217.061.106,ACC_A0000488
110.150.034.145,110.150.034.145,ACC_A0887397
010.000.002.015,010.000.002.015,ACC_A0002799
014.202.136.241,014.202.136.254,ACC_A0002799
049.255.243.066,049.255.243.066,ACC_A0002799
049.255.243.065,049.255.243.078,ACC_A0002799
121.200.226.081,121.200.226.081,ACC_A0002799
121.200.227.218,121.200.227.218,ACC_A0002799
121.200.228.176,121.200.228.176,ACC_A0002799
121.200.228.177,121.200.228.190,ACC_A0002799
121.200.237.001,121.200.237.014,ACC_A0002799
203.161.139.016,203.161.139.016,ACC_A0002799
203.161.139.017,203.161.139.030,ACC_A0002799
210.008.130.128,210.008.130.128,ACC_A0002799
210.008.130.129,210.008.130.142,ACC_A0002799
210.008.238.201,210.008.238.201,ACC_A0002799
210.009.091.064,210.009.091.064,ACC_A0002799
210.009.091.065,210.009.091.070,ACC_A0002799
218.185.079.225,218.185.079.225,ACC_A0002799
210.193.142.030,210.193.142.030,ACC_A0008908
013.054.000.247,013.054.000.247,ACC_A0087810
013.054.083.191,013.054.083.191,ACC_A0087810
013.054.125.137,013.054.125.137,ACC_A0087810
013.054.178.080,013.054.178.080,ACC_A0087810
013.210.062.193,013.210.062.193,ACC_A0087810
013.210.198.208,013.210.198.208,ACC_A0087810
013.211.098.248,013.211.098.248,ACC_A0087810
013.211.217.200,013.211.217.200,ACC_A0087810
052.005.109.033,052.005.109.033,ACC_A0087810
052.065.109.033,052.065.109.033,ACC_A0087810
052.065.204.052,052.065.204.052,ACC_A0087810
054.066.212.033,054.066.212.033,ACC_A0087810
129.078.056.000,129.078.056.255,ACC_A0087810
129.078.139.009,129.078.139.009,ACC_A0087810
129.078.139.010,129.078.139.010,ACC_A0087810
129.078.139.029,129.078.139.029,ACC_A0087810
129.078.139.030,129.078.139.030,ACC_A0087810
129.078.139.033,129.078.139.033,ACC_A0087810
188.092.136.006,188.092.136.006,ACC_A0087810
138.235.105.2,138.235.105.2,ACC_A0079023
138.235.113.2,138.235.113.2,ACC_A0079023
218.101.79.9,218.101.79.9,ACC_A0079023
121.200.227.114,121.200.227.114,ACC_A0102034
042.247.022.064,042.247.022.143,ACC_A0111545
058.060.001.000,058.060.001.127,ACC_A0111545
058.250.172.000,058.250.172.063,ACC_A0111545
121.015.140.240,121.015.140.255,ACC_A0111545
121.015.171.000,121.015.171.127,ACC_A0111545
125.218.040.000,125.218.063.255,ACC_A0111545
202.096.170.128,202.096.170.223,ACC_A0111545
218.018.162.146,218.018.162.150,ACC_A0111545
218.018.162.194,218.018.162.254,ACC_A0111545
219.134.241.208,219.134.241.223,ACC_A0111545
219.233.160.000,219.233.255.255,ACC_A0111545
223.073.111.000,223.073.111.255,ACC_A0111545
112.201.128.119,112.201.128.119,ACC_A1104508
130.056.000.000,130.056.255.255,ACC_A0011974
150.203.000.000,150.203.255.255,ACC_A0011974
203.000.019.000,203.000.019.255,ACC_A0011974
005.198.138.190,005.198.138.190,ACC_A0008092
130.095.000.000,130.095.255.255,ACC_A0008092
005.198.141.022,005.198.141.022,ACC_A0007157
005.198.141.023,005.198.141.023,ACC_A0007157
058.026.203.230,058.026.203.230,ACC_A0007157
058.026.207.017,058.026.207.017,ACC_A0007157
058.026.207.018,058.026.207.018,ACC_A0007157
058.026.207.019,058.026.207.019,ACC_A0007157
058.026.207.150,058.026.207.150,ACC_A0007157
058.026.207.170,058.026.207.170,ACC_A0007157
103.060.025.242,103.060.025.242,ACC_A0007157
136.186.000.000,136.186.255.255,ACC_A0007157
120.136.002.017,120.136.002.017,ACC_A0384066
061.068.143.080,061.068.143.080,ACC_A0011974
005.198.137.133,005.198.137.133,ACC_A0008148
130.220.000.000,130.220.255.255,ACC_A0008148
131.203.236.198,131.203.236.198,ACC_A0079538
103.207.076.033,103.207.076.033,ACC_A0078647
103.207.076.035,103.207.076.035,ACC_A0078647
124.047.132.204,124.047.132.204,ACC_A0006235
124.047.137.064,124.047.137.064,ACC_A0006235
203.031.052.000,203.031.052.255,ACC_A0006235
203.031.053.000,203.031.053.255,ACC_A0006235
020.040.163.167,020.040.163.167,7a4348bd683190f6bf8980a59203b3
052.189.209.215,052.189.209.215,7a4348bd683190f6bf8980a59203b3
147.109.124.151,147.109.124.151,7a4348bd683190f6bf8980a59203b3
152.091.009.115,152.091.009.115,ACC_A0011223
202.014.188.012,202.014.188.012,ACC_A0011223
202.014.188.013,202.014.188.013,ACC_A0011223
005.005.005.005,005.005.005.005,a694b509c3aa0cf83bab0bce482f89
203.167.209.154,203.167.209.154,ACC_A0080094
049.255.045.178,049.255.045.178,ACC_A0099496
113.029.025.090,113.029.025.090,ACC_A0099496
202.072.130.154,202.072.130.154,ACC_A0099496
203.221.060.218,203.221.060.218,ACC_A0099496
192.231.059.035,192.231.059.035,ACC_A0090440
192.231.059.037,192.231.059.037,ACC_A0090440
192.231.059.060,192.231.059.060,ACC_A0090440
202.000.106.097,202.000.106.158,ACC_A0090440
203.008.118.001,203.008.118.062,ACC_A0090440
203.166.096.235,203.166.096.235,ACC_A0090440
216.017.113.220,216.017.113.220,ACC_A0090440
216.017.121.220,216.017.121.220,ACC_A0090440
115.070.161.089,115.070.161.089,ACC_A0037189
115.070.163.174,115.070.163.174,ACC_A0037189
203.027.180.126,203.027.180.126,ACC_A0037189
203.027.188.170,203.027.188.170,ACC_A0037189
111.069.059.086,111.069.059.086,ACC_A0078476
013.238.109.113,013.238.109.113,ACC_A0009236
014.203.101.238,014.203.101.238,ACC_A0009236
014.203.101.241,014.203.101.254,ACC_A0009236
061.014.106.054,061.014.106.054,ACC_A0009236
061.014.107.161,061.014.107.174,ACC_A0009236
202.142.049.038,202.142.049.038,ACC_A0009236
052.063.145.024,052.063.145.024,ACC_A0012388
203.218.040.230,203.218.040.230,d537e7e94978c317cc5e86b1c8cafd
138.044.161.019,138.044.161.019,ACC_A0012038
013.055.100.180,013.055.100.180,ACC_A0088563
005.198.141.019,005.198.141.019,ACC_A0086106
203.019.080.001,203.019.087.255,ACC_A0086106
203.109.192.127,203.109.192.127,ACC_A0074406
027.096.065.018,027.096.065.018,d425f74e16e3619dd1169989c182b6
027.096.067.129,027.096.067.134,d425f74e16e3619dd1169989c182b6
027.096.067.166,027.096.067.166,d425f74e16e3619dd1169989c182b6
027.096.067.252,027.096.067.252,d425f74e16e3619dd1169989c182b6
049.000.028.000,049.000.028.000,d425f74e16e3619dd1169989c182b6
049.000.029.000,049.000.029.000,d425f74e16e3619dd1169989c182b6
049.000.029.003,049.000.029.003,d425f74e16e3619dd1169989c182b6
049.000.029.017,049.000.029.017,d425f74e16e3619dd1169989c182b6
052.065.102.241,052.065.102.241,d425f74e16e3619dd1169989c182b6
054.066.154.053,054.066.154.053,d425f74e16e3619dd1169989c182b6
054.153.156.101,054.153.156.101,d425f74e16e3619dd1169989c182b6
054.206.031.063,054.206.031.063,d425f74e16e3619dd1169989c182b6
122.056.105.182,122.056.105.182,d425f74e16e3619dd1169989c182b6
122.058.103.150,122.058.103.150,d425f74e16e3619dd1169989c182b6
125.236.196.152,125.236.196.152,d425f74e16e3619dd1169989c182b6
131.203.253.054,131.203.253.054,d425f74e16e3619dd1169989c182b6
165.084.106.034,165.084.106.034,d425f74e16e3619dd1169989c182b6
202.002.008.000,202.002.008.255,d425f74e16e3619dd1169989c182b6
202.002.009.000,202.002.009.255,d425f74e16e3619dd1169989c182b6
202.002.010.000,202.002.010.255,d425f74e16e3619dd1169989c182b6
202.002.011.000,202.002.011.255,d425f74e16e3619dd1169989c182b6
202.002.012.000,202.002.012.255,d425f74e16e3619dd1169989c182b6
202.002.013.000,202.002.013.255,d425f74e16e3619dd1169989c182b6
202.002.014.000,202.002.014.255,d425f74e16e3619dd1169989c182b6
202.002.015.000,202.002.015.255,d425f74e16e3619dd1169989c182b6
202.014.032.000,202.014.063.255,d425f74e16e3619dd1169989c182b6
202.014.216.000,202.014.216.255,d425f74e16e3619dd1169989c182b6
202.036.096.000,202.036.096.255,d425f74e16e3619dd1169989c182b6
202.036.097.000,202.036.097.255,d425f74e16e3619dd1169989c182b6
202.036.098.000,202.036.098.255,d425f74e16e3619dd1169989c182b6
202.036.099.000,202.036.099.255,d425f74e16e3619dd1169989c182b6
202.036.100.000,202.036.100.255,d425f74e16e3619dd1169989c182b6
202.036.101.000,202.036.101.255,d425f74e16e3619dd1169989c182b6
202.036.102.000,202.036.102.255,d425f74e16e3619dd1169989c182b6
202.036.103.000,202.036.103.255,d425f74e16e3619dd1169989c182b6
202.036.225.004,202.036.225.004,d425f74e16e3619dd1169989c182b6
202.036.225.005,202.036.225.005,d425f74e16e3619dd1169989c182b6
202.036.225.009,202.036.225.009,d425f74e16e3619dd1169989c182b6
202.037.000.000,202.037.000.255,d425f74e16e3619dd1169989c182b6
202.037.001.000,202.037.001.255,d425f74e16e3619dd1169989c182b6
202.037.002.000,202.037.002.255,d425f74e16e3619dd1169989c182b6
202.037.003.000,202.037.003.255,d425f74e16e3619dd1169989c182b6
202.037.004.000,202.037.004.255,d425f74e16e3619dd1169989c182b6
202.037.005.000,202.037.005.255,d425f74e16e3619dd1169989c182b6
202.037.006.000,202.037.006.255,d425f74e16e3619dd1169989c182b6
202.037.007.000,202.037.007.255,d425f74e16e3619dd1169989c182b6
202.037.008.000,202.037.008.255,d425f74e16e3619dd1169989c182b6
202.037.009.000,202.037.009.255,d425f74e16e3619dd1169989c182b6
202.037.010.000,202.037.010.255,d425f74e16e3619dd1169989c182b6
202.037.011.000,202.037.011.255,d425f74e16e3619dd1169989c182b6
202.037.012.000,202.037.012.255,d425f74e16e3619dd1169989c182b6
202.037.013.000,202.037.013.255,d425f74e16e3619dd1169989c182b6
202.037.014.000,202.037.014.255,d425f74e16e3619dd1169989c182b6
202.037.015.000,202.037.015.255,d425f74e16e3619dd1169989c182b6
202.037.042.000,202.037.042.255,d425f74e16e3619dd1169989c182b6
202.037.043.000,202.037.043.255,d425f74e16e3619dd1169989c182b6
202.049.000.000,202.049.000.255,d425f74e16e3619dd1169989c182b6
202.049.001.000,202.049.001.255,d425f74e16e3619dd1169989c182b6
202.049.002.000,202.049.002.255,d425f74e16e3619dd1169989c182b6
202.049.003.000,202.049.003.255,d425f74e16e3619dd1169989c182b6
202.049.004.000,202.049.004.255,d425f74e16e3619dd1169989c182b6
202.049.005.000,202.049.005.255,d425f74e16e3619dd1169989c182b6
202.049.006.000,202.049.006.255,d425f74e16e3619dd1169989c182b6
202.049.007.000,202.049.007.255,d425f74e16e3619dd1169989c182b6
202.049.017.004,202.049.017.004,d425f74e16e3619dd1169989c182b6
202.049.019.004,202.049.019.004,d425f74e16e3619dd1169989c182b6
202.049.198.001,202.049.198.001,d425f74e16e3619dd1169989c182b6
202.050.208.000,202.050.208.255,d425f74e16e3619dd1169989c182b6
202.050.252.000,202.050.252.255,d425f74e16e3619dd1169989c182b6
203.167.214.210,203.167.214.210,d425f74e16e3619dd1169989c182b6
203.176.154.000,203.176.154.255,d425f74e16e3619dd1169989c182b6
203.176.155.000,203.176.155.255,d425f74e16e3619dd1169989c182b6
210.054.008.000,210.054.008.255,d425f74e16e3619dd1169989c182b6
210.054.009.000,210.054.009.255,d425f74e16e3619dd1169989c182b6
210.055.139.065,210.055.139.079,d425f74e16e3619dd1169989c182b6
219.088.071.090,219.088.071.090,d425f74e16e3619dd1169989c182b6
219.089.127.178,219.089.127.178,d425f74e16e3619dd1169989c182b6
203.42.25.68,203.42.25.68,ACC_A0006088
203.029.104.010,203.029.104.010,ACC_A0024304
203.044.119.228,203.044.119.228,ACC_A0009165
203.044.119.229,203.044.119.229,ACC_A0009165
203.044.119.235,203.044.119.235,ACC_A0009165
211.027.224.200,211.027.224.200,ACC_A0009165
211.027.224.201,211.027.224.201,ACC_A0009165
211.027.224.207,211.027.224.207,ACC_A0009165
211.027.224.218,211.027.224.218,ACC_A0009165
211.027.224.219,211.027.224.219,ACC_A0009165
211.027.224.220,211.027.224.220,ACC_A0009165
211.027.224.221,211.027.224.221,ACC_A0009165
211.027.224.222,211.027.224.222,ACC_A0009165
014.203.046.254,014.203.046.254,ACC_A0000742
020.047.122.110,020.047.122.110,ACC_A0000742
020.092.133.056,020.092.133.056,ACC_A0000742
020.092.133.072,020.092.133.072,ACC_A0000742
020.092.133.103,020.092.133.103,ACC_A0000742
024.239.128.012,024.239.128.012,ACC_A0000742
024.239.128.013,024.239.128.013,ACC_A0000742
024.239.128.028,024.239.128.028,ACC_A0000742
024.239.128.029,024.239.128.029,ACC_A0000742
024.239.133.008,024.239.133.008,ACC_A0000742
024.239.133.009,024.239.133.009,ACC_A0000742
024.239.133.022,024.239.133.022,ACC_A0000742
024.239.133.023,024.239.133.023,ACC_A0000742
024.239.137.008,024.239.137.008,ACC_A0000742
024.239.137.009,024.239.137.009,ACC_A0000742
024.239.138.008,024.239.138.008,ACC_A0000742
024.239.138.009,024.239.138.009,ACC_A0000742
024.239.148.028,024.239.148.028,ACC_A0000742
024.239.148.029,024.239.148.029,ACC_A0000742
024.239.152.012,024.239.152.012,ACC_A0000742
024.239.152.013,024.239.152.013,ACC_A0000742
060.241.131.030,060.241.131.030,ACC_A0000742
060.241.180.090,060.241.180.090,ACC_A0000742
060.242.022.114,060.242.022.114,ACC_A0000742
061.068.021.058,061.068.021.058,ACC_A0000742
103.164.030.001,103.164.030.032,ACC_A0000742
203.003.178.059,203.003.178.059,ACC_A0000742
203.003.188.059,203.003.188.059,ACC_A0000742
203.055.208.118,203.055.208.118,ACC_A0000742
203.055.208.119,203.055.208.119,ACC_A0000742
203.055.211.168,203.055.211.168,ACC_A0000742
203.055.211.169,203.055.211.169,ACC_A0000742
203.087.126.202,203.087.126.202,ACC_A0000742
203.087.126.210,203.087.126.210,ACC_A0000742
203.087.126.214,203.087.126.214,ACC_A0000742
203.087.126.218,203.087.126.218,ACC_A0000742
203.087.126.222,203.087.126.222,ACC_A0000742
203.087.126.226,203.087.126.226,ACC_A0000742
203.087.126.230,203.087.126.230,ACC_A0000742
203.087.126.234,203.087.126.234,ACC_A0000742
203.087.126.238,203.087.126.238,ACC_A0000742
203.219.091.106,203.219.091.106,ACC_A0000742
103.091.192.000,103.091.192.255,5a4ba22548a96b21910682ea042919
103.091.193.000,103.091.193.255,5a4ba22548a96b21910682ea042919
120.018.168.088,120.018.168.088,5a4ba22548a96b21910682ea042919
116.212.217.162,116.212.217.162,ACC_A0005048
103.122.041.048,103.122.041.063,ACC_A0078329
103.122.041.064,103.122.041.095,ACC_A0078329
210.054.064.148,210.054.064.148,ACC_A0078329
210.054.064.190,210.054.064.190,ACC_A0078329
059.154.019.025,059.154.019.031,ACC_A0010341
103.009.060.199,103.009.060.199,ACC_A0010341
103.009.060.200,103.009.060.200,ACC_A0010341
203.029.131.054,203.029.131.054,ACC_A0010341
103.241.7.198,103.241.7.198,ACC_A0040664
103.79.108.196,103.79.108.196,ACC_A0040664
124.197.4.149,124.197.4.149,ACC_A0078531
210.55.240.81,210.55.240.81,ACC_A0077518
052.220.120.164,052.220.120.164,074b5b4dbb135fb8890ef1f4b4f19a
153.020.000.000,153.020.255.255,074b5b4dbb135fb8890ef1f4b4f19a
052.076.154.136,052.076.154.136,074b5b4dbb135fb8890ef1f4b4f19a
210.086.003.052,210.086.003.052,ACC_A0081472
115.133.055.005,115.133.055.005,ACC_A0055991
115.134.129.169,115.134.129.169,ACC_A0055991
175.136.233.097,175.136.233.097,ACC_A0055991
211.024.120.058,211.024.120.058,ACC_A0055991
161.029.141.084,161.029.141.084,711ce619d0090d7355f22983422c9a
